slot,studio,day_of_week,day_num,class_hour,time_label,classes,avg_pay,min_pay,max_pay,avg_visits,avg_fill_rate,pct_full,total_waitlist,pct_paid_floor,last_taught,currently_regular,recommendation
Studio 1 | Sat 11:00 AM,Studio 1,Saturday,5,11.0,11:00 AM,2,76.72,73.39,80.06,11.5,1.15,1.0,3,0.0,2026-08-22,False,Pick up
Studio 2 | Thu 4:30 PM,Studio 2,Thursday,3,16.5,4:30 PM,3,76.6,71.17,83.0,17.33,1.08,1.0,4,0.0,2026-09-10,False,Pick up
Studio 2 | Tue 5:30 PM,Studio 2,Tuesday,1,17.5,5:30 PM,4,75.62,71.17,80.06,17.0,1.06,1.0,4,0.0,2026-09-08,False,Pick up
Studio 2 | Wed 7:30 PM,Studio 2,Wednesday,2,19.5,7:30 PM,3,74.13,71.17,80.06,16.67,1.04,1.0,2,0.0,2026-08-05,False,Pick up
Studio 2 | Sat 11:30 AM,Studio 2,Saturday,5,11.5,11:30 AM,5,73.84,66.72,80.06,16.6,1.04,0.8,4,0.0,2026-05-30,False,Pick up
Studio 2 | Tue 6:30 PM,Studio 2,Tuesday,1,18.5,6:30 PM,4,71.17,62.27,80.06,16.0,1.0,0.75,2,0.0,2026-09-08,False,Pick up
Studio 1 | Mon 6:00 PM,Studio 1,Monday,0,18.0,6:00 PM,4,70.06,66.72,80.06,10.5,1.05,1.0,2,0.0,2026-09-14,False,Pick up
Studio 2 | Wed 4:30 PM,Studio 2,Wednesday,2,16.5,4:30 PM,6,69.69,53.38,80.06,15.67,0.98,0.83,2,0.0,2026-07-22,False,Worth it if convenient
Studio 2 | Thu 7:30 AM,Studio 2,Thursday,3,7.5,7:30 AM,2,68.95,62.27,75.62,15.5,0.97,0.5,1,0.0,2026-09-03,False,Worth it if convenient
Studio 1 | Wed 6:00 PM,Studio 1,Wednesday,2,18.0,6:00 PM,3,68.94,66.72,73.39,10.33,1.03,1.0,1,0.0,2026-07-22,False,Worth it if convenient
Studio 1 | Wed 7:00 PM,Studio 1,Wednesday,2,19.0,7:00 PM,3,68.94,66.72,73.39,10.33,1.03,1.0,1,0.0,2026-07-22,False,Worth it if convenient
Studio 2 | Thu 3:30 PM,Studio 2,Thursday,3,15.5,3:30 PM,3,66.72,57.82,75.62,15.0,0.94,0.33,1,0.0,2026-09-10,False,Worth it if convenient
Studio 2 | Sat 12:30 PM,Studio 2,Saturday,5,12.5,12:30 PM,5,64.94,48.93,75.62,14.6,0.91,0.4,1,0.0,2026-05-30,False,Worth it if convenient
Studio 1 | Sun 6:00 PM,Studio 1,Sunday,6,18.0,6:00 PM,2,63.38,60.05,66.72,9.5,0.95,0.5,0,0.0,2026-09-06,False,Worth it if convenient
Studio 1 | Fri 4:00 PM,Studio 1,Friday,4,16.0,4:00 PM,2,60.05,53.38,66.72,9.0,0.9,0.5,0,0.0,2026-06-05,False,Worth it if convenient
Studio 1 | Fri 5:00 PM,Studio 1,Friday,4,17.0,5:00 PM,2,60.05,53.38,66.72,9.0,0.9,0.5,0,0.0,2026-06-05,False,Worth it if convenient
Studio 2 | Thu 8:30 AM,Studio 2,Thursday,3,8.5,8:30 AM,2,51.15,35.58,66.72,11.5,0.72,0.0,0,0.0,2026-09-03,False,Worth it if convenient
Studio 2 | Wed 8:30 PM,Studio 2,Wednesday,2,20.5,8:30 PM,3,50.41,35.58,71.17,11.33,0.71,0.33,0,0.0,2026-08-05,False,Worth it if convenient
Studio 2 | Fri 4:30 PM,Studio 2,Friday,4,16.5,4:30 PM,2,54.03,28.0,80.06,12.0,0.75,0.5,2,0.5,2026-07-10,False,Skip
Studio 1 | Tue 9:00 AM,Studio 1,Tuesday,1,9.0,9:00 AM,2,50.7,28.0,73.39,7.5,0.75,0.5,1,0.5,2026-08-25,False,Skip
Studio 2 | Thu 2:30 PM,Studio 2,Thursday,3,14.5,2:30 PM,2,49.58,28.0,71.17,10.0,0.62,0.5,0,0.5,2026-09-10,False,Skip
Studio 1 | Fri 3:00 PM,Studio 1,Friday,4,15.0,3:00 PM,3,48.93,40.03,60.05,7.33,0.73,0.0,0,0.0,2026-08-28,False,Skip
Studio 1 | Sun 3:00 PM,Studio 1,Sunday,6,15.0,3:00 PM,2,47.36,28.0,66.72,6.5,0.65,0.5,0,0.5,2026-07-12,False,Skip
Studio 1 | Fri 6:00 PM,Studio 1,Friday,4,18.0,6:00 PM,2,47.36,28.0,66.72,7.0,0.7,0.5,0,0.5,2026-06-05,False,Skip
Studio 2 | Sun 5:30 PM,Studio 2,Sunday,6,17.5,5:30 PM,2,47.36,28.0,66.72,9.5,0.59,0.0,0,0.5,2026-05-31,False,Skip
Studio 2 | Sat 1:30 PM,Studio 2,Saturday,5,13.5,1:30 PM,6,46.4,28.0,71.17,10.33,0.65,0.17,0,0.33,2026-08-01,False,Skip
Studio 1 | Fri 2:00 PM,Studio 1,Friday,4,14.0,2:00 PM,3,44.48,33.36,53.38,6.67,0.67,0.0,0,0.0,2026-08-28,False,Skip
Studio 1 | Fri 7:00 PM,Studio 1,Friday,4,19.0,7:00 PM,2,43.36,40.03,46.7,6.5,0.65,0.0,0,0.0,2026-06-05,False,Skip
Studio 1 | Sun 4:00 PM,Studio 1,Sunday,6,16.0,4:00 PM,2,43.36,40.03,46.7,6.5,0.65,0.0,0,0.0,2026-06-07,False,Skip
Studio 1 | Sun 5:00 PM,Studio 1,Sunday,6,17.0,5:00 PM,2,40.69,28.0,53.38,6.0,0.6,0.0,0,0.5,2026-09-06,False,Skip
Studio 2 | Sun 4:30 PM,Studio 2,Sunday,6,16.5,4:30 PM,2,40.03,35.58,44.48,9.0,0.56,0.0,0,0.0,2026-05-31,False,Skip
Studio 2 | Sat 2:30 PM,Studio 2,Saturday,5,14.5,2:30 PM,2,31.79,28.0,35.58,6.5,0.41,0.0,0,0.5,2026-08-01,False,Skip
Studio 1 | Mon 10:00 AM,Studio 1,Monday,0,10.0,10:00 AM,1,83.0,83.0,83.0,13.0,1.3,1.0,3,0.0,2026-09-07,False,Not enough data
Studio 1 | Mon 12:00 PM,Studio 1,Monday,0,12.0,12:00 PM,1,73.39,73.39,73.39,11.0,1.1,1.0,1,0.0,2026-05-25,False,Not enough data
Studio 1 | Mon 11:00 AM,Studio 1,Monday,0,11.0,11:00 AM,1,66.72,66.72,66.72,10.0,1.0,1.0,0,0.0,2026-05-25,False,Not enough data
Studio 1 | Wed 4:00 PM,Studio 1,Wednesday,2,16.0,4:00 PM,1,66.72,66.72,66.72,10.0,1.0,1.0,0,0.0,2026-05-20,False,Not enough data
Studio 1 | Wed 9:00 AM,Studio 1,Wednesday,2,9.0,9:00 AM,1,66.72,66.72,66.72,10.0,1.0,1.0,0,0.0,2026-09-02,False,Not enough data
Studio 1 | Sat 5:00 PM,Studio 1,Saturday,5,17.0,5:00 PM,1,60.05,60.05,60.05,9.0,0.9,0.0,0,0.0,2026-05-02,False,Not enough data
Studio 1 | Wed 5:00 PM,Studio 1,Wednesday,2,17.0,5:00 PM,1,60.05,60.05,60.05,9.0,0.9,0.0,0,0.0,2026-05-20,False,Not enough data
Studio 1 | Wed 3:00 PM,Studio 1,Wednesday,2,15.0,3:00 PM,1,60.05,60.05,60.05,9.0,0.9,0.0,0,0.0,2026-05-27,False,Not enough data
Studio 2 | Sat 8:30 AM,Studio 2,Saturday,5,8.5,8:30 AM,1,57.82,57.82,57.82,13.0,0.81,0.0,0,0.0,2026-09-12,False,Not enough data
Studio 1 | Sat 6:00 PM,Studio 1,Saturday,5,18.0,6:00 PM,1,53.38,53.38,53.38,8.0,0.8,0.0,0,0.0,2026-05-02,False,Not enough data
Studio 1 | Sun 2:00 PM,Studio 1,Sunday,6,14.0,2:00 PM,1,53.38,53.38,53.38,8.0,0.8,0.0,0,0.0,2026-05-10,False,Not enough data
Studio 2 | Sun 2:30 PM,Studio 2,Sunday,6,14.5,2:30 PM,1,53.38,53.38,53.38,12.0,0.75,0.0,0,0.0,2026-09-13,False,Not enough data
Studio 2 | Sun 1:30 PM,Studio 2,Sunday,6,13.5,1:30 PM,1,48.93,48.93,48.93,11.0,0.69,0.0,0,0.0,2026-09-13,False,Not enough data
Studio 1 | Wed 10:00 AM,Studio 1,Wednesday,2,10.0,10:00 AM,1,46.7,46.7,46.7,7.0,0.7,0.0,0,0.0,2026-09-02,False,Not enough data
Studio 1 | Sat 9:00 AM,Studio 1,Saturday,5,9.0,9:00 AM,1,46.7,46.7,46.7,7.0,0.7,0.0,0,0.0,2026-09-05,False,Not enough data
Studio 1 | Mon 7:00 AM,Studio 1,Monday,0,7.0,7:00 AM,1,46.7,46.7,46.7,7.0,0.7,0.0,0,0.0,2026-08-31,False,Not enough data
Studio 1 | Thu 4:00 PM,Studio 1,Thursday,3,16.0,4:00 PM,1,40.03,40.03,40.03,6.0,0.6,0.0,0,0.0,2026-06-18,False,Not enough data
Studio 1 | Sat 4:00 PM,Studio 1,Saturday,5,16.0,4:00 PM,1,28.0,28.0,28.0,4.0,0.4,0.0,0,1.0,2026-05-02,False,Not enough data
Studio 2 | Sun 3:30 PM,Studio 2,Sunday,6,15.5,3:30 PM,1,28.0,28.0,28.0,6.0,0.38,0.0,0,1.0,2026-05-10,False,Not enough data
