class_date,class_time,company,studio,studio_num,coach,class_name,class_type,total_visits,pay_type,starter_rate,revenue_share_pct,revenue_per_visit,incentive_pay,total_class_pay,private_class,data_note,source_file
2026-05-16,11:30:00,ABC Studio,Studio 2,2,Jane Doe,Full Body (50 min),normal,17,Standard,28,0.16,27.8,0,75.62,100,,16-31052026_Studio2_PaySlips.csv
2026-05-16,12:30:00,ABC Studio,Studio 2,2,Jane Doe,Full Body (50 min),normal,16,Standard,28,0.16,27.8,0,71.17,100,,16-31052026_Studio2_PaySlips.csv
2026-05-16,13:30:00,ABC Studio,Studio 2,2,Jane Doe,Full Body (50 min),normal,11,Standard,28,0.16,27.8,0,48.93,100,,16-31052026_Studio2_PaySlips.csv
2026-05-16,14:30:00,ABC Studio,Studio 2,2,Jane Doe,Full Body (50 min),normal,5,Standard,28,0.16,27.8,0,28.0,100,,16-31052026_Studio2_PaySlips.csv
2026-05-18,15:30:00,ABC Studio,Studio 2,2,Jane Doe,Full Body (50 min),normal,7,Standard,28,0.16,27.8,0,31.14,100,,16-31052026_Studio2_PaySlips.csv
2026-05-18,16:30:00,ABC Studio,Studio 2,2,Jane Doe,Full Body (50 min),normal,18,Standard,28,0.16,27.8,0,80.06,100,,16-31052026_Studio2_PaySlips.csv
2026-05-20,16:00:00,ABC Studio,Studio 1,1,Jane Doe,Full Body (50 min),normal,10,Standard,28,0.24,27.8,0,66.72,100,,20-29052026_Studio1_PaySlips.csv
2026-05-20,17:00:00,ABC Studio,Studio 1,1,Jane Doe,Full Body (50 min),normal,9,Standard,28,0.24,27.8,0,60.05,100,,20-29052026_Studio1_PaySlips.csv
2026-05-22,08:00:00,ABC Studio,Studio 1,1,Jane Doe,Full Body (50 min),normal,9,Standard,28,0.24,27.8,0,60.05,100,,20-29052026_Studio1_PaySlips.csv
2026-05-22,09:00:00,ABC Studio,Studio 1,1,Jane Doe,Full Body (50 min),normal,7,Standard,28,0.24,27.8,0,46.7,100,,20-29052026_Studio1_PaySlips.csv
2026-05-22,18:00:00,ABC Studio,Studio 1,1,Jane Doe,Full Body (50 min),normal,4,Standard,28,0.24,27.8,0,28.0,100,,20-29052026_Studio1_PaySlips.csv
2026-05-22,19:00:00,ABC Studio,Studio 1,1,Jane Doe,Full Body (50 min),normal,7,Standard,28,0.24,27.8,0,46.7,100,,20-29052026_Studio1_PaySlips.csv
2026-05-23,11:30:00,ABC Studio,Studio 2,2,Jane Doe,Full Body (50 min),normal,16,Standard,28,0.16,27.8,0,71.17,100,,16-31052026_Studio2_PaySlips.csv
2026-05-23,12:30:00,ABC Studio,Studio 2,2,Jane Doe,Full Body (50 min),normal,15,Standard,28,0.16,27.8,0,66.72,100,,16-31052026_Studio2_PaySlips.csv
2026-05-23,13:30:00,ABC Studio,Studio 2,2,Jane Doe,Full Body (50 min),normal,6,Standard,28,0.16,27.8,0,28.0,100,,16-31052026_Studio2_PaySlips.csv
2026-05-25,11:00:00,ABC Studio,Studio 1,1,Jane Doe,Full Body (50 min),normal,10,Standard,28,0.24,27.8,0,66.72,100,,20-29052026_Studio1_PaySlips.csv
2026-05-25,12:00:00,ABC Studio,Studio 1,1,Jane Doe,Full Body (50 min),normal,11,Standard,28,0.24,27.8,0,73.39,100,,20-29052026_Studio1_PaySlips.csv
2026-05-27,15:00:00,ABC Studio,Studio 1,1,Jane Doe,Full Body (50 min),normal,9,Standard,28,0.24,27.8,0,60.05,100,,20-29052026_Studio1_PaySlips.csv
2026-05-29,16:00:00,ABC Studio,Studio 1,1,Jane Doe,Full Body (50 min),normal,8,Standard,28,0.24,27.8,0,53.38,100,,20-29052026_Studio1_PaySlips.csv
2026-05-29,17:00:00,ABC Studio,Studio 1,1,Jane Doe,Full Body (50 min),normal,10,Standard,28,0.24,27.8,0,66.72,100,,20-29052026_Studio1_PaySlips.csv
2026-05-30,11:30:00,ABC Studio,Studio 2,2,Jane Doe,Full Body (50 min),normal,18,Standard,28,0.16,27.8,0,80.06,100,,16-31052026_Studio2_PaySlips.csv
2026-05-30,12:30:00,ABC Studio,Studio 2,2,Jane Doe,Full Body (50 min),normal,17,Standard,28,0.16,27.8,0,75.62,100,,16-31052026_Studio2_PaySlips.csv
2026-05-30,13:30:00,ABC Studio,Studio 2,2,Jane Doe,Full Body (50 min),normal,16,Standard,28,0.16,27.8,0,71.17,100,,16-31052026_Studio2_PaySlips.csv
2026-05-31,16:30:00,ABC Studio,Studio 2,2,Jane Doe,Full Body (50 min),normal,10,Standard,28,0.16,27.8,0,44.48,100,,16-31052026_Studio2_PaySlips.csv
2026-05-31,17:30:00,ABC Studio,Studio 2,2,Jane Doe,Full Body (50 min),normal,15,Standard,28,0.16,27.8,0,66.72,100,,16-31052026_Studio2_PaySlips.csv
2026-06-01,15:30:00,ABC Studio,Studio 2,2,Jane Doe,Full Body (50 min),normal,7,Starter,28,0.0,27.8,0,28.0,100,,01-15062026_Studio2_PaySlips.csv
2026-06-01,16:30:00,ABC Studio,Studio 2,2,Jane Doe,Full Body (50 min),normal,14,Starter,28,0.0,27.8,0,28.0,100,,01-15062026_Studio2_PaySlips.csv
2026-06-03,16:30:00,ABC Studio,Studio 2,2,Jane Doe,Full Body (50 min),normal,16,Starter,28,0.0,27.8,0,28.0,100,,01-15062026_Studio2_PaySlips.csv
2026-06-05,08:00:00,ABC Studio,Studio 1,1,Jane Doe,Full Body (50 min),normal,11,Starter,28,0.0,27.8,0,28.0,100,,05-12062026_Studio1_PaySlips.csv
2026-06-05,09:00:00,ABC Studio,Studio 1,1,Jane Doe,Full Body (50 min),normal,9,Starter,28,0.0,27.8,0,28.0,100,,05-12062026_Studio1_PaySlips.csv
2026-06-05,16:00:00,ABC Studio,Studio 1,1,Jane Doe,Full Body (50 min),normal,10,Starter,28,0.0,27.8,0,28.0,100,,05-12062026_Studio1_PaySlips.csv
2026-06-05,17:00:00,ABC Studio,Studio 1,1,Jane Doe,Full Body (50 min),normal,8,Starter,28,0.0,27.8,0,28.0,100,,05-12062026_Studio1_PaySlips.csv
2026-06-05,18:00:00,ABC Studio,Studio 1,1,Jane Doe,Full Body (50 min),normal,10,Starter,28,0.0,27.8,0,28.0,100,,05-12062026_Studio1_PaySlips.csv
2026-06-05,19:00:00,ABC Studio,Studio 1,1,Jane Doe,Full Body (50 min),normal,6,Starter,28,0.0,27.8,0,28.0,100,,05-12062026_Studio1_PaySlips.csv
2026-06-06,06:30:00,ABC Studio,Studio 2,2,Jane Doe,Full Body (50 min),normal,4,Starter,28,0.0,27.8,0,28.0,100,,01-15062026_Studio2_PaySlips.csv
2026-06-06,07:30:00,ABC Studio,Studio 2,2,Jane Doe,Full Body (50 min),normal,14,Starter,28,0.0,27.8,0,28.0,100,,01-15062026_Studio2_PaySlips.csv
2026-06-07,15:00:00,ABC Studio,Studio 1,1,Jane Doe,Full Body (50 min),normal,10,Starter,28,0.0,27.8,0,28.0,100,,05-12062026_Studio1_PaySlips.csv
2026-06-07,16:00:00,ABC Studio,Studio 1,1,Jane Doe,Full Body (50 min),normal,6,Starter,28,0.0,27.8,0,28.0,100,,05-12062026_Studio1_PaySlips.csv
2026-06-10,18:00:00,ABC Studio,Studio 1,1,Jane Doe,Full Body (50 min),normal,10,Starter,28,0.0,27.8,0,28.0,100,,05-12062026_Studio1_PaySlips.csv
2026-06-10,19:00:00,ABC Studio,Studio 1,1,Jane Doe,Full Body (50 min),normal,10,Starter,28,0.0,27.8,0,28.0,100,,05-12062026_Studio1_PaySlips.csv
2026-06-10,16:30:00,ABC Studio,Studio 2,2,Jane Doe,Full Body (50 min),normal,16,Starter,28,0.0,27.8,0,28.0,100,,01-15062026_Studio2_PaySlips.csv
2026-06-12,08:00:00,ABC Studio,Studio 1,1,Jane Doe,Full Body (50 min),normal,10,Starter,28,0.0,27.8,0,28.0,100,,05-12062026_Studio1_PaySlips.csv
2026-06-12,09:00:00,ABC Studio,Studio 1,1,Jane Doe,Full Body (50 min),normal,8,Starter,28,0.0,27.8,0,28.0,100,,05-12062026_Studio1_PaySlips.csv
2026-06-13,06:30:00,ABC Studio,Studio 2,2,Jane Doe,Full Body (50 min),normal,3,Starter,28,0.0,27.8,0,28.0,100,,01-15062026_Studio2_PaySlips.csv
2026-06-13,07:30:00,ABC Studio,Studio 2,2,Jane Doe,Full Body (50 min),normal,6,Starter,28,0.0,27.8,0,28.0,100,,01-15062026_Studio2_PaySlips.csv
2026-06-15,15:30:00,ABC Studio,Studio 2,2,Jane Doe,Full Body (50 min),normal,12,Starter,28,0.0,27.8,0,28.0,100,,01-15062026_Studio2_PaySlips.csv
2026-06-15,16:30:00,ABC Studio,Studio 2,2,Jane Doe,Full Body (50 min),normal,17,Starter,28,0.0,27.8,0,28.0,100,,01-15062026_Studio2_PaySlips.csv
2026-06-17,18:00:00,ABC Studio,Studio 1,1,Jane Doe,Full Body (50 min),normal,11,Standard,28,0.24,27.8,0,73.39,100,,17-19062026_Studio1_PaySlips.csv
2026-06-17,19:00:00,ABC Studio,Studio 1,1,Jane Doe,Full Body (50 min),normal,10,Standard,28,0.24,27.8,0,66.72,100,,17-19062026_Studio1_PaySlips.csv
2026-06-17,16:30:00,ABC Studio,Studio 2,2,Jane Doe,Full Body (50 min),normal,12,Standard,28,0.16,27.8,0,53.38,100,,17-22062026_Studio2_PaySlips.csv
2026-06-18,16:00:00,ABC Studio,Studio 1,1,Jane Doe,Full Body (50 min),normal,6,Standard,28,0.24,27.8,0,40.03,100,,17-19062026_Studio1_PaySlips.csv
2026-06-19,08:00:00,ABC Studio,Studio 1,1,Jane Doe,Full Body (50 min),normal,12,Standard,28,0.24,27.8,0,80.06,100,,17-19062026_Studio1_PaySlips.csv
2026-06-19,09:00:00,ABC Studio,Studio 1,1,Jane Doe,Full Body (50 min),normal,13,Standard,28,0.24,27.8,0,86.74,100,,17-19062026_Studio1_PaySlips.csv
2026-06-22,15:30:00,ABC Studio,Studio 2,2,Jane Doe,Full Body (50 min),normal,9,Standard,28,0.16,27.8,0,40.03,100,,17-22062026_Studio2_PaySlips.csv
2026-06-22,16:30:00,ABC Studio,Studio 2,2,Jane Doe,Full Body (50 min),normal,17,Standard,28,0.16,27.8,0,75.62,100,,17-22062026_Studio2_PaySlips.csv
2026-07-08,16:30:00,ABC Studio,Studio 2,2,Jane Doe,Full Body (50 min),normal,16,Standard,28,0.16,27.8,0,71.17,100,,08-15072026_Studio2_PaySlips.csv
2026-07-10,08:00:00,ABC Studio,Studio 1,1,Jane Doe,Full Body (50 min),normal,10,Standard,28,0.24,27.8,0,66.72,100,,10-12072026_Studio1_PaySlips.csv
2026-07-10,09:00:00,ABC Studio,Studio 1,1,Jane Doe,Full Body (50 min),normal,10,Standard,28,0.24,27.8,0,66.72,100,,10-12072026_Studio1_PaySlips.csv
2026-07-10,14:00:00,ABC Studio,Studio 1,1,Jane Doe,Full Body (50 min),normal,8,Standard,28,0.24,27.8,0,53.38,100,,10-12072026_Studio1_PaySlips.csv
2026-07-10,15:00:00,ABC Studio,Studio 1,1,Jane Doe,Full Body (50 min),normal,7,Standard,28,0.24,27.8,0,46.7,100,,10-12072026_Studio1_PaySlips.csv
2026-07-10,16:30:00,ABC Studio,Studio 2,2,Jane Doe,Full Body (50 min),normal,18,Standard,28,0.16,27.8,0,80.06,100,,08-15072026_Studio2_PaySlips.csv
2026-07-11,06:30:00,ABC Studio,Studio 2,2,Jane Doe,Full Body (50 min),normal,3,Standard,28,0.16,27.8,0,28.0,100,,08-15072026_Studio2_PaySlips.csv
2026-07-11,07:30:00,ABC Studio,Studio 2,2,Jane Doe,Full Body (50 min),normal,12,Standard,28,0.16,27.8,0,53.38,100,,08-15072026_Studio2_PaySlips.csv
2026-07-12,15:00:00,ABC Studio,Studio 1,1,Jane Doe,Full Body (50 min),normal,3,Standard,28,0.24,27.8,0,28.0,100,,10-12072026_Studio1_PaySlips.csv
2026-07-13,15:30:00,ABC Studio,Studio 2,2,Jane Doe,Full Body (50 min),normal,9,Standard,28,0.16,27.8,0,40.03,100,,08-15072026_Studio2_PaySlips.csv
2026-07-13,16:30:00,ABC Studio,Studio 2,2,Jane Doe,Full Body (50 min),normal,17,Standard,28,0.16,27.8,0,75.62,100,,08-15072026_Studio2_PaySlips.csv
2026-07-15,16:30:00,ABC Studio,Studio 2,2,Jane Doe,Full Body (50 min),normal,16,Standard,28,0.16,27.8,0,71.17,100,,08-15072026_Studio2_PaySlips.csv
2026-07-16,15:30:00,ABC Studio,Studio 2,2,Jane Doe,Full Body (50 min),normal,17,Standard,28,0.16,27.8,0,75.62,100,,16-30072026_Studio2_PaySlips.csv
2026-07-16,16:30:00,ABC Studio,Studio 2,2,Jane Doe,Full Body (50 min),normal,16,Standard,28,0.16,27.8,0,71.17,100,,16-30072026_Studio2_PaySlips.csv
2026-07-17,08:00:00,ABC Studio,Studio 1,1,Jane Doe,Full Body (50 min),normal,12,Standard,28,0.24,27.8,0,80.06,100,,17-31072026_Studio1_PaySlips.csv
2026-07-17,09:00:00,ABC Studio,Studio 1,1,Jane Doe,Full Body (50 min),normal,10,Standard,28,0.24,27.8,0,66.72,100,,17-31072026_Studio1_PaySlips.csv
2026-07-18,10:00:00,ABC Studio,Studio 1,1,Jane Doe,Full Body (50 min),normal,10,Standard,28,0.24,27.8,0,66.72,100,,17-31072026_Studio1_PaySlips.csv
2026-07-18,11:00:00,ABC Studio,Studio 1,1,Jane Doe,Full Body (50 min),normal,12,Standard,28,0.24,27.8,0,80.06,100,,17-31072026_Studio1_PaySlips.csv
2026-07-18,06:30:00,ABC Studio,Studio 2,2,Jane Doe,Full Body (50 min),normal,8,Standard,28,0.16,27.8,0,35.58,100,,16-30072026_Studio2_PaySlips.csv
2026-07-18,07:30:00,ABC Studio,Studio 2,2,Jane Doe,Full Body (50 min),normal,18,Standard,28,0.16,27.8,0,80.06,100,,16-30072026_Studio2_PaySlips.csv
2026-07-19,17:00:00,ABC Studio,Studio 1,1,Jane Doe,Full Body (50 min),normal,8,Standard,28,0.24,27.8,0,53.38,100,,17-31072026_Studio1_PaySlips.csv
2026-07-19,18:00:00,ABC Studio,Studio 1,1,Jane Doe,Full Body (50 min),normal,10,Standard,28,0.24,27.8,0,66.72,100,,17-31072026_Studio1_PaySlips.csv
2026-07-20,15:30:00,ABC Studio,Studio 2,2,Jane Doe,Full Body (50 min),normal,11,Standard,28,0.16,27.8,0,48.93,100,,16-30072026_Studio2_PaySlips.csv
2026-07-20,16:30:00,ABC Studio,Studio 2,2,Jane Doe,Full Body (50 min),normal,18,Standard,28,0.16,27.8,0,80.06,100,,16-30072026_Studio2_PaySlips.csv
2026-07-22,18:00:00,ABC Studio,Studio 1,1,Jane Doe,Full Body (50 min),normal,10,Standard,28,0.24,27.8,0,66.72,100,,17-31072026_Studio1_PaySlips.csv
2026-07-22,19:00:00,ABC Studio,Studio 1,1,Jane Doe,Full Body (50 min),normal,11,Standard,28,0.24,27.8,0,73.39,100,,17-31072026_Studio1_PaySlips.csv
2026-07-22,16:30:00,ABC Studio,Studio 2,2,Jane Doe,Full Body (50 min),normal,18,Standard,28,0.16,27.8,0,80.06,100,,16-30072026_Studio2_PaySlips.csv
2026-07-29,19:30:00,ABC Studio,Studio 2,2,Jane Doe,Full Body (50 min),normal,16,Standard,28,0.16,27.8,0,71.17,100,,16-30072026_Studio2_PaySlips.csv
2026-07-29,20:30:00,ABC Studio,Studio 2,2,Jane Doe,Full Body (50 min),normal,16,Standard,28,0.16,27.8,0,71.17,100,,16-30072026_Studio2_PaySlips.csv
2026-07-30,14:30:00,ABC Studio,Studio 2,2,Jane Doe,Full Body (50 min),normal,4,Standard,28,0.16,27.8,0,28.0,100,,16-30072026_Studio2_PaySlips.csv
2026-07-30,15:30:00,ABC Studio,Studio 2,2,Jane Doe,Full Body (50 min),normal,13,Standard,28,0.16,27.8,0,57.82,100,,16-30072026_Studio2_PaySlips.csv
2026-07-30,16:30:00,ABC Studio,Studio 2,2,Jane Doe,Full Body (50 min),normal,17,Standard,28,0.16,27.8,0,75.62,100,,16-30072026_Studio2_PaySlips.csv
2026-07-31,08:00:00,ABC Studio,Studio 1,1,Jane Doe,Full Body (50 min),normal,10,Standard,28,0.24,27.8,0,66.72,100,,17-31072026_Studio1_PaySlips.csv
2026-07-31,09:00:00,ABC Studio,Studio 1,1,Jane Doe,Full Body (50 min),normal,10,Standard,28,0.24,27.8,0,66.72,100,,17-31072026_Studio1_PaySlips.csv
2026-07-31,14:00:00,ABC Studio,Studio 1,1,Jane Doe,Full Body (50 min),normal,7,Standard,28,0.24,27.8,0,46.7,100,,17-31072026_Studio1_PaySlips.csv
2026-07-31,15:00:00,ABC Studio,Studio 1,1,Jane Doe,Full Body (50 min),normal,6,Standard,28,0.24,27.8,0,40.03,100,,17-31072026_Studio1_PaySlips.csv
2026-08-01,10:00:00,ABC Studio,Studio 1,1,Jane Doe,Full Body (50 min),normal,11,Standard,28,0.24,27.8,0,73.39,100,,01-14082026_Studio1_PaySlips.csv
2026-08-01,06:30:00,ABC Studio,Studio 2,2,Jane Doe,Full Body (50 min),normal,2,Standard,28,0.16,27.8,0,28.0,60,private_class differs from typical value (100),01-13082026_Studio2_PaySlips.csv
2026-08-01,07:30:00,ABC Studio,Studio 2,2,Jane Doe,Full Body (50 min),normal,14,Standard,28,0.16,27.8,0,62.27,100,,01-13082026_Studio2_PaySlips.csv
2026-08-01,13:30:00,ABC Studio,Studio 2,2,Jane Doe,Full Body (50 min),normal,6,Standard,28,0.16,27.8,0,28.0,100,,01-13082026_Studio2_PaySlips.csv
2026-08-01,14:30:00,ABC Studio,Studio 2,2,Jane Doe,Full Body (50 min),normal,8,Standard,28,0.16,27.8,0,35.58,100,,01-13082026_Studio2_PaySlips.csv
2026-08-03,18:00:00,ABC Studio,Studio 1,1,Jane Doe,Full Body (50 min),normal,10,Standard,28,0.24,27.8,0,66.72,100,,01-14082026_Studio1_PaySlips.csv
2026-08-03,15:30:00,ABC Studio,Studio 2,2,Jane Doe,Full Body (50 min),normal,7,Standard,28,0.16,27.8,0,31.14,100,,01-13082026_Studio2_PaySlips.csv
2026-08-03,16:30:00,ABC Studio,Studio 2,2,Jane Doe,Full Body (50 min),normal,17,Standard,28,0.16,27.8,0,75.62,100,,01-13082026_Studio2_PaySlips.csv
2026-08-04,17:30:00,ABC Studio,Studio 2,2,Jane Doe,Full Body (50 min),normal,17,Standard,28,0.16,27.8,0,75.62,100,,01-13082026_Studio2_PaySlips.csv
2026-08-04,18:30:00,ABC Studio,Studio 2,2,Jane Doe,Full Body (50 min),normal,16,Standard,28,0.16,27.8,0,71.17,100,,01-13082026_Studio2_PaySlips.csv
2026-08-05,19:30:00,ABC Studio,Studio 2,2,Jane Doe,Full Body (50 min),normal,18,Standard,28,0.16,27.8,0,80.06,100,,01-13082026_Studio2_PaySlips.csv
2026-08-05,20:30:00,ABC Studio,Studio 2,2,Jane Doe,Full Body (50 min),normal,10,Standard,28,0.16,27.8,0,44.48,100,,01-13082026_Studio2_PaySlips.csv
2026-08-11,15:00:00,ABC Studio,Studio 1,1,Jane Doe,Full Body (50 min),normal,9,Standard,28,0.24,27.8,0,60.05,100,,01-14082026_Studio1_PaySlips.csv
2026-08-11,16:00:00,ABC Studio,Studio 1,1,Jane Doe,Full Body (50 min),normal,11,Standard,28,0.24,27.8,0,73.39,100,,01-14082026_Studio1_PaySlips.csv
2026-08-11,17:30:00,ABC Studio,Studio 2,2,Jane Doe,Full Body (50 min),normal,18,Standard,28,0.16,27.8,0,80.06,100,,01-13082026_Studio2_PaySlips.csv
2026-08-11,18:30:00,ABC Studio,Studio 2,2,Jane Doe,Full Body (50 min),normal,18,Standard,28,0.16,27.8,0,80.06,100,,01-13082026_Studio2_PaySlips.csv
2026-08-13,07:30:00,ABC Studio,Studio 2,2,Jane Doe,Full Body (50 min),normal,17,Standard,28,0.16,27.8,0,75.62,100,,01-13082026_Studio2_PaySlips.csv
2026-08-13,08:30:00,ABC Studio,Studio 2,2,Jane Doe,Full Body (50 min),normal,8,Standard,28,0.16,27.8,0,35.58,100,,01-13082026_Studio2_PaySlips.csv
2026-08-14,08:00:00,ABC Studio,Studio 1,1,Jane Doe,Full Body (50 min),normal,8,Standard,28,0.24,27.8,0,53.38,100,,01-14082026_Studio1_PaySlips.csv
2026-08-14,09:00:00,ABC Studio,Studio 1,1,Jane Doe,Full Body (50 min),normal,10,Standard,28,0.24,27.8,0,66.72,100,,01-14082026_Studio1_PaySlips.csv
